Tipo,Fecha,Mes,online_schedules
Eventos CG,01-01-25,202501,80
Eventos CG,01-02-25,202502,126
Eventos CG,01-03-25,202503,140
Eventos CG,01-04-25,202504,64
Eventos CG,01-05-25,202505,50
Eventos CG,01-06-25,202506,21
Eventos CG,01-07-25,202507,283
Eventos CG,01-08-25,202508,306
Eventos CG,01-09-25,202509,353
Usuarios CG,01-01-25,202501,20630
Usuarios CG,01-02-25,202502,27458
Usuarios CG,01-03-25,202503,28095
Usuarios CG,01-04-25,202504,21980
Usuarios CG,01-05-25,202505,14469
Usuarios CG,01-06-25,202506,8977
Usuarios CG,01-07-25,202507,68988
Usuarios CG,01-08-25,202508,76369
Usuarios CG,01-09-25,202509,88389
Eventos Tratamiento,01-01-25,202501,2405
Eventos Tratamiento,01-02-25,202502,2894
Eventos Tratamiento,01-03-25,202503,3712
Eventos Tratamiento,01-04-25,202504,3481
Eventos Tratamiento,01-05-25,202505,3341
Eventos Tratamiento,01-06-25,202506,2952
Eventos Tratamiento,01-07-25,202507,3296
Eventos Tratamiento,01-08-25,202508,2727
Eventos Tratamiento,01-09-25,202509,2902
Usuarios Tratamiento,01-01-25,202501,546080
Usuarios Tratamiento,01-02-25,202502,586757
Usuarios Tratamiento,01-03-25,202503,651707
Usuarios Tratamiento,01-04-25,202504,708158
Usuarios Tratamiento,01-05-25,202505,712619
Usuarios Tratamiento,01-06-25,202506,675510
Usuarios Tratamiento,01-07-25,202507,634389
Usuarios Tratamiento,01-08-25,202508,627583
Usuarios Tratamiento,01-09-25,202509,617195
